{
  "startedEpoch": 1728370277130,
  "endedEpoch": 1728370283947,
  "durationMs": 6816,
  "heap": {
    "allocationRateBytesPerSecond": 1.8874368E7,
    "gcCount": 2,
    "gcOverHeadPercent": 0.10754108,
    "gcTotalDurationMs": 733
  },
  "cpuPercent": {
    "jvm": {
      "min": 0.0,
      "average": 0.005648390079538028,
      "max": 0.009067357517778873
    },
    "userJvm": {
      "min": 0.0,
      "average": 0.3573283503452937,
      "max": 0.46889030933380127
    },
    "system": {
      "min": 0.48143404722213745,
      "average": 0.6816859940687815,
      "max": 1.0
    }
  },
  "network": {
    "sent": {
      "totalBytes": 0,
      "count": 0,
      "bytesPerSecond": 0.0,
      "countPerSecond": 0.0,
      "topContributors": []
    },
    "received": {
      "totalBytes": 0,
      "count": 0,
      "bytesPerSecond": 0.0,
      "countPerSecond": 0.0,
      "topContributors": []
    }
  },
  "fileIO": {
    "write": {
      "totalBytes": 1241,
      "count": 7,
      "bytesPerSecond": 206.83333333333334,
      "countPerSecond": 1.1666666666666667,
      "topContributors": [
        {
          "path": "logs/debug.log",
          "totalBytes": 623
        },
        {
          "path": "logs/latest.log",
          "totalBytes": 278
        }
      ]
    },
    "read": {
      "totalBytes": 3476,
      "count": 5,
      "bytesPerSecond": 579.3333333333334,
      "countPerSecond": 0.8333333333333334,
      "topContributors": [
        {
          "path": "/home/unium/Projects/personal/mc/stalker/.gradle/loom-cache/minecraftMaven/net/minecraft/minecraft-common-7787b014d4/1.20.1-net.fabricmc.yarn.1_20_1.1.20.1+build.10-v2/minecraft-common-7787b014d4-1.20.1-net.fabricmc.yarn.1_20_1.1.20.1+build.10-v2.jar",
          "totalBytes": 3220
        },
        {
          "path": "/dev/urandom",
          "totalBytes": 256
        }
      ]
    }
  },
  "serverTick": {
    "minMs": 43.78978,
    "averageMs": 72.61226533333333,
    "maxMs": 116.33844,
    "p99": 115.0848728,
    "p90": 103.802768,
    "p75": 87.82999799999999,
    "p50": 66.975892
  },
  "threadAllocation": [],
  "chunkGen": {
    "durationNanosTotal": 0.0,
    "status": []
  }
}